{
  "products": [
    {
      "id": "mens-casual-shirt-1",
      "name": "Classic Cotton Casual Shirt",
      "description": "A comfortable and stylish casual shirt made from premium cotton",
      "price": 49.99,
      "category": "men",
      "subCategory": "shirts",
      "images": [
        "https://images.unsplash.com/photo-1586363104862-3a5e2ab60d99?w=800",
        "https://images.unsplash.com/photo-1586363104862-3a5e2ab60d99?w=400"
      ],
      "sizes": ["S", "M", "L", "XL"],
      "colors": ["white", "blue", "black"],
      "stock": 100,
      "rating": 4.5,
      "reviews": 128,
      "features": [
        "100% Premium Cotton",
        "Regular Fit",
        "Button-Down Collar",
        "Machine Washable"
      ],
      "tags": ["casual", "cotton", "summer"]
    },
    {
      "id": "womens-summer-dress-1",
      "name": "Floral Summer Dress",
      "description": "A lightweight and elegant summer dress with floral pattern",
      "price": 79.99,
      "category": "women",
      "subCategory": "dresses",
      "images": [
        "https://images.unsplash.com/photo-1515372039744-b8f02a3ae446?w=800",
        "https://images.unsplash.com/photo-1515372039744-b8f02a3ae446?w=400"
      ],
      "sizes": ["XS", "S", "M", "L"],
      "colors": ["pink", "blue", "yellow"],
      "stock": 75,
      "rating": 4.8,
      "reviews": 96,
      "features": [
        "Lightweight Fabric",
        "Floral Pattern",
        "A-Line Cut",
        "Side Pockets"
      ],
      "tags": ["summer", "floral", "dress"]
    },
    {
      "id": "mens-leather-jacket-1",
      "name": "Premium Leather Jacket",
      "description": "Classic leather jacket with modern details",
      "price": 299.99,
      "category": "men",
      "subCategory": "outerwear",
      "images": [
        "https://images.unsplash.com/photo-1520975954732-35dd22299614?w=800",
        "https://images.unsplash.com/photo-1520975954732-35dd22299614?w=400"
      ],
      "sizes": ["M", "L", "XL"],
      "colors": ["black", "brown"],
      "stock": 50,
      "rating": 4.9,
      "reviews": 84,
      "features": [
        "Genuine Leather",
        "Quilted Lining",
        "Multiple Pockets",
        "Heavy-Duty Zippers"
      ],
      "tags": ["leather", "outerwear", "premium"]
    },
    {
      "id": "womens-blazer-1",
      "name": "Tailored Wool Blazer",
      "description": "Professional wool blazer with modern cut",
      "price": 189.99,
      "category": "women",
      "subCategory": "blazers",
      "images": [
        "https://images.unsplash.com/photo-1520591799159-0c9489c0f137?w=800",
        "https://images.unsplash.com/photo-1520591799159-0c9489c0f137?w=400"
      ],
      "sizes": ["XS", "S", "M", "L", "XL"],
      "colors": ["black", "navy", "gray"],
      "stock": 60,
      "rating": 4.7,
      "reviews": 112,
      "features": [
        "Wool Blend",
        "Fully Lined",
        "Structured Shoulders",
        "Double-Breasted"
      ],
      "tags": ["professional", "wool", "blazer"]
    }
  ]
}